{"cameraMode":{"drawMode":0,"name":"Shaded","section":"Shading Mode"},"sceneLighting":true,"audioPlay":false,"sceneViewState":{"showFog":false,"showMaterialUpdate":false,"showSkybox":false,"showFlares":false,"showImageEffects":false,"showParticleSystems":false},"in2DMode":false,"pivot":{"x":2.8260576725006105,"y":2.3332927227020265,"z":1.084192156791687},"rotation":{"x":0.20780520141124726,"y":0.32245078682899477,"z":-0.07278133928775788,"w":0.9206271767616272},"size":6.1737189292907719,"orthographic":true}